commit,measure,score
4a534cae,check/agent-instructions-sync,33
4a534cae,check/baseline-commit-isolation,110
4a534cae,check/e2e-taxonomy,217
4a534cae,check/blackbox-tests-lint,1698
4a534cae,check/root-lint,3047
4a534cae,check/agent-instructions-sync,34
4a534cae,check/baseline-commit-isolation,109
4a534cae,check/e2e-taxonomy,236
4a534cae,check/blackbox-tests-lint,1767
4a534cae,check/root-lint,3160
4a534cae,check/agent-instructions-sync,33
4a534cae,check/baseline-commit-isolation,91
4a534cae,check/e2e-taxonomy,234
4a534cae,check/blackbox-tests-lint,1287
4a534cae,check/root-lint,2902
8ba57f10,check/agent-instructions-sync,32
8ba57f10,check/baseline-commit-isolation,92
8ba57f10,check/e2e-taxonomy,213
8ba57f10,check/blackbox-tests-lint,1265
8ba57f10,check/root-lint,2704
abe622ce,check/agent-instructions-sync,32
abe622ce,check/baseline-commit-isolation,93
abe622ce,check/e2e-taxonomy,213
abe622ce,check/blackbox-tests-lint,1510
abe622ce,check/root-lint,3138
d0726e71,check/agent-instructions-sync,32
d0726e71,check/baseline-commit-isolation,89
d0726e71,check/e2e-taxonomy,211
d0726e71,check/blackbox-tests-lint,1606
d0726e71,check/root-lint,3116
6420cbdd,check/agent-instructions-sync,34
6420cbdd,check/baseline-commit-isolation,113
6420cbdd,check/e2e-taxonomy,266
6420cbdd,check/blackbox-tests-lint,2073
6420cbdd,check/root-lint,3503
